idx,p_baseline,p_scale_1,p_scale_2,p_scale_5,p_scale_10,p_scale_20
34759,0.1435600251451264,0.139031125109778,0.1343072923147047,0.12121146563799463,0.10365436218345606,0.07550517871341378
31159,0.12285268787117551,0.11866557996794153,0.11526016299270744,0.10378757583413062,0.08811782877434714,0.06385042455000875
21208,0.11272410401222635,0.1090654976770918,0.10543929852992401,0.09523758113852315,0.08050682669406638,0.0593065481389555
38453,0.0974753544973555,0.09417740580707212,0.09098503518298735,0.08205897959725446,0.06964766550809087,0.05081529092248686
2844,0.16381833183725888,0.15923726890607717,0.15404145345245213,0.14004817787938958,0.11904685204502655,0.08733870504389991
8175,0.12892167752482764,0.12495259367525034,0.12085407973655114,0.1089873218316208,0.09228689903848414,0.06760282874238806
37753,0.11111039688769027,0.10784245501653025,0.10393402237433441,0.0940711472304024,0.07963402870845282,0.058139264835270155
39307,0.14799917232863935,0.1435161967000226,0.13878004917546644,0.12601306483206254,0.10676207448334268,0.07796747784778249
18495,0.13215394900027458,0.1276939708336109,0.12316392073911027,0.11171801784479826,0.09454487774551432,0.0692499485955065
38493,0.11401078204087654,0.1101816684872145,0.10630295282819806,0.09588011058191573,0.08155867398378969,0.05975169039824798
23374,0.13061302376476633,0.12682840332214737,0.12208753080768063,0.11068484987221976,0.09390624534574843,0.06851000961432135
21167,0.1405122602420948,0.13574002601090238,0.13110659625257154,0.11912147393154453,0.10165764039935436,0.0738334140503134
13198,0.14719146714059808,0.14242759143504954,0.1377086325925597,0.12517681359960173,0.10600628158556383,0.07728104987927514
30206,0.12881826539559732,0.12464156471661063,0.1199350131666178,0.10880360422084984,0.09231254870215196,0.06747318244715397
33882,0.11346236088800318,0.11009097288572488,0.10664405693585795,0.09626655595882008,0.08170593969696358,0.05951978853962337
7252,0.11453840276300678,0.11060362766212405,0.10670093966877117,0.09684303272723166,0.08197763844787674,0.060282373414940936
13762,0.10155920142784779,0.09798509937959131,0.09507700771156609,0.08571382406441717,0.07296861914024091,0.0529529306510297
13127,0.12713782857470254,0.12300463308666945,0.11934360581853999,0.10780847020993002,0.0910693993837358,0.06663153438943172
18941,0.1275829862839206,0.12342143384710566,0.11974938942680588,0.10813464539728727,0.09159064187684203,0.06730198285476624
27724,0.0688520381983545,0.06628408740148632,0.06403903082454167,0.05799967564230461,0.04875051252349826,0.03579690945854182
14074,0.16389836110761757,0.15813647101940784,0.15368575873273804,0.13955249549347679,0.11892221571290194,0.0867695626025424
9012,0.07818885055170285,0.07588489944777431,0.07320264056425554,0.06645433547893785,0.05573175425247498,0.040881105049907045
32858,0.10703295270834606,0.10383681636843606,0.09970396131650848,0.09032889994067823,0.07632306577182195,0.05557065736220022
23330,0.12334304734904182,0.11936846726551402,0.1154694885169192,0.10412165453825395,0.08868683960651777,0.0645491601811519
9506,0.14457251681043565,0.1400228682293117,0.13559895468036262,0.12266190803091773,0.1039717636073451,0.07632869599553914
14526,0.1380155721003866,0.13330524399067578,0.1288236065614037,0.11669167010766818,0.099027129492423,0.07302971645248965
31183,0.14720365546089043,0.14265650581153436,0.1380486551950183,0.12491624726017868,0.10681974707630965,0.07786393038376567
44047,0.11146411735324246,0.10792574532308946,0.1044965814983602,0.0944344079483727,0.08037042179600987,0.058131621395568725
38913,0.12267330871240603,0.11828620512807164,0.11469831001738245,0.10378217226772678,0.08757352981064334,0.06385168849268444
29569,0.11352958603795205,0.1097460317602149,0.10597964494950989,0.09558233033837732,0.0809901744345213,0.05910136183324073
3519,0.14274919635290334,0.13840359108462236,0.13328396353465202,0.12133820233011523,0.10364813079526047,0.07561141915064307
14791,0.11711627418059672,0.11317487383475335,0.10972492066554673,0.09904846998511276,0.08439845963785626,0.061455710351173344
34498,0.12789565698170116,0.12373757087672053,0.11942795167955787,0.10862279337144821,0.09201462214859661,0.06705884034653281
9109,0.1260170165898771,0.12165185884486893,0.11789002716894537,0.10624487347695936,0.09024501855999692,0.06536104331231166
23166,0.12206349722604742,0.11791466505543806,0.11352673339861594,0.10256357731035096,0.08711546051454808,0.06346873429538165
17112,0.13522461813267883,0.13115222980862626,0.12642115014788985,0.11423161158288966,0.09741156315939634,0.07047876036182944
31862,0.16874609079224523,0.1639750420370863,0.15870910272324223,0.14401524698786775,0.122378172640093,0.08924279021188741
7703,0.10425640784870815,0.100383731670419,0.09715174625802692,0.0875643866107045,0.07377602711601806,0.05431085879564003
25774,0.17177088722866324,0.16602800861217962,0.16070655016616306,0.1461724873531398,0.12495696023369031,0.09145024299062261
30013,0.14180027586899963,0.13746197210029887,0.13261576248833748,0.12037554245564988,0.1023250823459277,0.0748782887172953
20000,0.1484260123281928,0.14467232477034553,0.13982582429088464,0.1262931184898848,0.10725239220812093,0.07879563004014034
32037,0.16124777361474446,0.15599719491367764,0.15095807645694093,0.1371281873980675,0.11723038079664296,0.08584194740906678
39570,0.10162686979531792,0.0982200541426819,0.09517088988713207,0.08556101755492224,0.0724811990071463,0.053127220275621556
26101,0.1489514289560773,0.14468634987409795,0.1393706697775117,0.12691001450525208,0.10779162063529144,0.07891082653176204
30429,0.11457009095123233,0.11049868114029053,0.10613593953470363,0.09663027723545602,0.08239268980514404,0.059636703964890826
6432,0.11018357713810453,0.1063823662320052,0.10314449425855281,0.09297001626885505,0.07896283159238048,0.057727861528916714
7594,0.14171561772713406,0.13711493285782295,0.13242632165242624,0.1199095959099025,0.10185763630847709,0.07484992342115784
40188,0.12542572342386782,0.12178590677266597,0.1174753130308421,0.10663436452299897,0.0905778393437703,0.06637816806395082
30784,0.11307770739270757,0.10943622679016056,0.10540576879994135,0.09523750081096638,0.08154166904053413,0.05892519104544829
35341,0.11882761774200436,0.11535189407317724,0.11111035241254284,0.10112293817846713,0.08559149929134402,0.06242392506070476
6435,0.18181728727627533,0.1756159807410038,0.17053515015619097,0.15499100928912277,0.1325545463304136,0.09675899256572783
22094,0.12426876319287802,0.12039799848802663,0.11650779708672585,0.10531966450569655,0.08958627999723301,0.0652294116937239
24094,0.12124966868108096,0.11808962260673961,0.11348605921869717,0.1034748277963916,0.08711250485769968,0.06368613947455047
2254,0.14575356351933116,0.14059480503286198,0.136821719243555,0.12422542698637436,0.10556392345796005,0.07670307282767724
16029,0.0840180873830533,0.08157476490947572,0.07851908774413864,0.07112100786883521,0.06007250975440783,0.04392745814458563
20367,0.14413499633663085,0.13887557277953047,0.13486458688104735,0.12227719787648215,0.10368596791018442,0.07584788006777544
39749,0.14571312159023098,0.14144625325453797,0.13604706964781416,0.12382980956816822,0.10506725886440195,0.07708965133922119
18142,0.11388614596162007,0.11030674479562977,0.1065187790920681,0.09640135188516523,0.08197704150609125,0.05989766185441558
18695,0.10202486433113794,0.09889237670156285,0.09537514446192209,0.08620639782642865,0.07338824784604787,0.05359523318642507
21611,0.12560692571534693,0.12118698508016651,0.11769274306612479,0.10676624389461079,0.09071897045124694,0.06615442708590887
26023,0.10647119474939733,0.10332930532850168,0.09935949242988679,0.09009249390790951,0.07619572405430575,0.05528883423561869
5908,0.14304471835733384,0.13785552600175605,0.1335035345239044,0.12117420115636622,0.10259236331670826,0.07515149957373167
36780,0.14092442550906534,0.13606076155271576,0.131723375878783,0.11928363113080029,0.1019650765693753,0.07482596061696856
26473,0.1384146838956349,0.13422724330559815,0.1300032269532731,0.11706662828060345,0.09992750664796429,0.072621933031341
38501,0.1105372680517236,0.10675316230179281,0.10325054224485554,0.09339665859188681,0.07889751919827132,0.0580294268361057
40947,0.14433663154446924,0.13951704137781634,0.13491981833371758,0.12218689859605743,0.10382457669966269,0.07582631922618696
25443,0.09812198150418773,0.09470696764649969,0.09177702498704468,0.08311472695231452,0.07004435912091131,0.05128837446385898
9677,0.16079529184634644,0.15622542602727657,0.15115318841039055,0.13712771191505824,0.11706284259636382,0.0857138748456593
30959,0.15753890351128366,0.15266116421409034,0.14741913460988376,0.13423262428525343,0.11431671553228677,0.08352545350789865
397,0.10802152013487851,0.10476866390676139,0.10119211322741782,0.09124299823271162,0.07764662094314917,0.05667873799161781
42603,0.10352694137505473,0.09962201080000244,0.09617467005450679,0.08680259128234888,0.07358144749049007,0.054083634830898564
598,0.13874058844548132,0.13462892344856825,0.13043397630103384,0.11843901167486466,0.10036140711253531,0.07342025276396147
28654,0.12346062240748616,0.11955645541532225,0.1151332615439545,0.10468259081183283,0.08911473739745446,0.0650691283204953
1472,0.17897605409094225,0.17324621007691876,0.1679226608675059,0.1526326179352558,0.13037118553068264,0.09534459081322809
44051,0.16350372938690844,0.1581279942327328,0.1535076423548801,0.13880686586378874,0.11892849128528228,0.08753613126827788
9586,0.2559921520357197,0.24885336829514804,0.24205595271369035,0.2213614313707005,0.19075841778257652,0.1417567741231498
8871,0.10017272768821847,0.09655352442874961,0.09335071653286266,0.08437554841616911,0.07142821771941052,0.05233717528656133
17464,0.1481777789691208,0.14332282378196312,0.1383613064471463,0.12499919091881719,0.10655083238793019,0.07765410370216448
383,0.16128925807052671,0.15605488425213473,0.15107264778433913,0.13736990225830056,0.11750531983140393,0.08576490801179663
35444,0.13673525707720768,0.13248457253419482,0.12763938125697294,0.11517205330246144,0.09809146850261898,0.0713121494960893
14494,0.12660945173073332,0.12275227556271741,0.11828336894903378,0.10732038247203082,0.09104938878137844,0.06634544066971855
4216,0.13945357677956988,0.13484762789099236,0.13059619737290595,0.11870431959424103,0.10086207956705538,0.074222886866109
14296,0.12233084878034753,0.11873909850100842,0.11466163655491675,0.10371154229202192,0.08830663820609305,0.06431316811369636
17943,0.1676480639594692,0.16245866485303842,0.15715567847154502,0.1421531123281629,0.12136003572109166,0.08824247994259163
9748,0.18785358162511348,0.1822880957724592,0.17669527765478474,0.1601309589138729,0.1371331661353047,0.10003379914449793
25252,0.16016150932348097,0.15510917743480024,0.15065143237974626,0.1360355125815922,0.1162783823722561,0.08476578517831453
28224,0.12363467859377167,0.12002266386336631,0.1159456211724218,0.10491755185124875,0.08952148984705702,0.0650493734625382
6636,0.14274194529690185,0.1385817618046648,0.13382666982483565,0.1213010225246095,0.10342406329868166,0.07566901352870067
7871,0.11146422370248515,0.10814975922732332,0.1044309240615915,0.09444998728120625,0.08018822596523327,0.0586233408279661
33708,0.09777359285823273,0.09417679561373889,0.09146751169477299,0.08247371734927457,0.06993908090683686,0.05113611990859969
20575,0.11421518818970217,0.11072956539806779,0.1071180348669802,0.09679455359561888,0.08243039020684072,0.06020302057881676
40576,0.11936679737448903,0.11615097822055136,0.11153922372919763,0.10110638513517993,0.08569428552013038,0.06253726722752846
44166,0.14278659759029158,0.13764877248767954,0.13352166660897663,0.12078303263307767,0.10274768548832434,0.07467011246097896
41076,0.10582159991847034,0.10252028571219422,0.09905398197696208,0.08991340559162357,0.07614896639092769,0.05541993611685782
20313,0.15237268132106163,0.14761450546538876,0.14264287036958662,0.12990205851209266,0.1105907599715778,0.08013898243059865
44417,0.14852066809027925,0.14370978723858555,0.13903318126967582,0.12598111416513846,0.10697622245256078,0.07826499536342509
28386,0.0819901985079591,0.07921800033481255,0.07649468589434351,0.06895375887426373,0.05832548246019416,0.04261272903216144
25759,0.11402387246597637,0.11033610099396092,0.10670663481697373,0.09682074374039788,0.08205424394870767,0.06009041719106895
14691,0.2068233583353489,0.20106769187660478,0.19479330293236333,0.1777155819644154,0.15245383619382066,0.11242153847248969
32325,0.17828724597320297,0.1732487654939537,0.16814734401070341,0.1524403438223722,0.12988750727976073,0.09473635002718037
